{"cameraMode":{"drawMode":0,"name":"Shaded","section":"Shading Mode"},"sceneLighting":true,"audioPlay":false,"sceneViewState":{"showFog":false,"showMaterialUpdate":false,"showSkybox":false,"showFlares":false,"showImageEffects":false,"showParticleSystems":false},"in2DMode":false,"pivot":{"x":2.8241562843322756,"y":-2.425241708755493,"z":-1.7540076971054078},"rotation":{"x":0.27123773097991946,"y":0.3906401991844177,"z":-0.12161865830421448,"w":0.8712553977966309},"size":18.14708709716797,"orthographic":false}